rank,id,cti_score,cti_priority,control_type,category_id,category,policy_setting,recommended_state,rollout_mode,policy_path,attack_tactics,threat_scenarios,applicability,source_id
1,GPO-001,100,P0,Prevent,CAT04,Credential Protection & LSA,Turn On Virtualization Based Security,Enabled on supported hardware,Pilot -> Enforce,Computer Configuration\Administrative Templates\System\Device Guard / Credentials Delegation,TA0006 Credential Access; TA0008 Lateral Movement; TA0004 Privilege Escalation,Credential dumping; pass-the-hash; pass-the-ticket; RDP credential theft,Windows 11 / Windows Server 2025,MS-CRED
2,GPO-002,99.85,P0,Prevent,CAT04,Credential Protection & LSA,Credential Guard configuration,Enabled without UEFI lock initially; stronger mode after recovery testing,Pilot -> Enforce,Computer Configuration\Administrative Templates\System\Device Guard / Credentials Delegation,TA0006 Credential Access; TA0008 Lateral Movement; TA0004 Privilege Escalation,Credential dumping; pass-the-hash; pass-the-ticket; RDP credential theft,Windows 11 / Windows Server 2025,MS-CRED
3,GPO-003,99.7,P0,Prevent,CAT04,Credential Protection & LSA,Configure LSASS to run as a protected process,Enabled where supported,Pilot -> Enforce,Computer Configuration\Administrative Templates\System\Device Guard / Credentials Delegation,TA0006 Credential Access; TA0008 Lateral Movement; TA0004 Privilege Escalation,Credential dumping; pass-the-hash; pass-the-ticket; RDP credential theft,Windows 11 / Windows Server 2025,MS-CRED
4,GPO-004,99.55,P0,Prevent,CAT04,Credential Protection & LSA,Network security: Do not store LAN Manager hash value on next password change,Enabled,Enforce,Computer Configuration\Administrative Templates\System\Device Guard / Credentials Delegation,TA0006 Credential Access; TA0008 Lateral Movement; TA0004 Privilege Escalation,Credential dumping; pass-the-hash; pass-the-ticket; RDP credential theft,Windows 11 / Windows Server 2025,MS-CRED
5,GPO-005,99.4,P0,Prevent,CAT04,Credential Protection & LSA,Network security: LAN Manager authentication level,Send NTLMv2 response only; refuse LM and NTLM where compatible,Audit -> Enforce,Computer Configuration\Administrative Templates\System\Device Guard / Credentials Delegation,TA0006 Credential Access; TA0008 Lateral Movement; TA0004 Privilege Escalation,Credential dumping; pass-the-hash; pass-the-ticket; RDP credential theft,Windows 11 / Windows Server 2025,MS-CRED
6,GPO-006,99.25,P0,Prevent,CAT04,Credential Protection & LSA,Network security: Minimum session security for NTLM SSP based clients,Require NTLMv2 session security and 128-bit encryption,Audit -> Enforce,Computer Configuration\Administrative Templates\System\Device Guard / Credentials Delegation,TA0006 Credential Access; TA0008 Lateral Movement; TA0004 Privilege Escalation,Credential dumping; pass-the-hash; pass-the-ticket; RDP credential theft,Windows 11 / Windows Server 2025,MS-CRED
7,GPO-007,99.1,P0,Prevent,CAT04,Credential Protection & LSA,Network security: Minimum session security for NTLM SSP based servers,Require NTLMv2 session security and 128-bit encryption,Audit -> Enforce,Computer Configuration\Administrative Templates\System\Device Guard / Credentials Delegation,TA0006 Credential Access; TA0008 Lateral Movement; TA0004 Privilege Escalation,Credential dumping; pass-the-hash; pass-the-ticket; RDP credential theft,Windows 11 / Windows Server 2025,MS-CRED
8,GPO-008,99,P0,Prevent,CAT03,Windows LAPS,Configure password backup directory,Back up to Active Directory or Microsoft Entra ID as appropriate,Enforce,Computer Configuration\Policies\Administrative Templates\System\LAPS,TA0006 Credential Access; TA0008 Lateral Movement,Pass-the-hash; shared local administrator password reuse; lateral movement,Windows 11 / Windows Server 2025,MS-LAPS
9,GPO-009,98.95,P0,Prevent,CAT04,Credential Protection & LSA,Network access: Do not allow storage of passwords and credentials for network authentication,Enabled,Enforce,Computer Configuration\Administrative Templates\System\Device Guard / Credentials Delegation,TA0006 Credential Access; TA0008 Lateral Movement; TA0004 Privilege Escalation,Credential dumping; pass-the-hash; pass-the-ticket; RDP credential theft,Windows 11 / Windows Server 2025,MS-CRED
10,GPO-010,98.85,P0,Prevent,CAT03,Windows LAPS,Password age days,30 days or shorter based on risk,Enforce,Computer Configuration\Policies\Administrative Templates\System\LAPS,TA0006 Credential Access; TA0008 Lateral Movement,Pass-the-hash; shared local administrator password reuse; lateral movement,Windows 11 / Windows Server 2025,MS-LAPS
11,GPO-011,98.8,P0,Prevent,CAT04,Credential Protection & LSA,Restrict delegation of credentials to remote servers,Require Remote Credential Guard or Restricted Admin for suitable RDP admin workflows,Pilot -> Enforce,Computer Configuration\Administrative Templates\System\Device Guard / Credentials Delegation,TA0006 Credential Access; TA0008 Lateral Movement; TA0004 Privilege Escalation,Credential dumping; pass-the-hash; pass-the-ticket; RDP credential theft,Windows 11 / Windows Server 2025,MS-CRED
12,GPO-012,98.7,P0,Prevent,CAT03,Windows LAPS,Password length,15+ characters,Enforce,Computer Configuration\Policies\Administrative Templates\System\LAPS,TA0006 Credential Access; TA0008 Lateral Movement,Pass-the-hash; shared local administrator password reuse; lateral movement,Windows 11 / Windows Server 2025,MS-LAPS
13,GPO-013,98.65,P0,Prevent,CAT04,Credential Protection & LSA,WDigest credential caching,Disabled / ensure plaintext credential caching is not enabled,Enforce,Computer Configuration\Administrative Templates\System\Device Guard / Credentials Delegation,TA0006 Credential Access; TA0008 Lateral Movement; TA0004 Privilege Escalation,Credential dumping; pass-the-hash; pass-the-ticket; RDP credential theft,Windows 11 / Windows Server 2025,MS-CRED
14,GPO-014,98.55,P0,Prevent,CAT03,Windows LAPS,Password complexity,Use strongest supported complexity,Enforce,Computer Configuration\Policies\Administrative Templates\System\LAPS,TA0006 Credential Access; TA0008 Lateral Movement,Pass-the-hash; shared local administrator password reuse; lateral movement,Windows 11 / Windows Server 2025,MS-LAPS
15,GPO-015,98.4,P0,Contain,CAT03,Windows LAPS,Post-authentication actions,Reset password and end managed-account sessions after use,Pilot -> Enforce,Computer Configuration\Policies\Administrative Templates\System\LAPS,TA0006 Credential Access; TA0008 Lateral Movement,Pass-the-hash; shared local administrator password reuse; lateral movement,Windows 11 / Windows Server 2025,MS-LAPS
16,GPO-016,98.25,P0,Contain,CAT03,Windows LAPS,Post-authentication reset delay,Use a short operationally safe delay,Pilot -> Enforce,Computer Configuration\Policies\Administrative Templates\System\LAPS,TA0006 Credential Access; TA0008 Lateral Movement,Pass-the-hash; shared local administrator password reuse; lateral movement,Windows 11 / Windows Server 2025,MS-LAPS
17,GPO-017,98.1,P0,Prevent,CAT03,Windows LAPS,Enable password expiration protection,Enabled,Enforce,Computer Configuration\Policies\Administrative Templates\System\LAPS,TA0006 Credential Access; TA0008 Lateral Movement,Pass-the-hash; shared local administrator password reuse; lateral movement,Windows 11 / Windows Server 2025,MS-LAPS
18,GPO-018,98,P0,Detect,CAT05,Kerberos & NTLM Reduction,Network security: Restrict NTLM: Audit Incoming NTLM Traffic,Enable auditing for all accounts,Audit,Computer Configuration\Windows Settings\Security Settings\Local Policies\Security Options,TA0006 Credential Access; TA0008 Lateral Movement,NTLM relay; legacy authentication downgrade; credential replay,Windows 11 / Windows Server 2025,MS-SERVER2602
19,GPO-019,97.95,P0,Prevent,CAT03,Windows LAPS,Enable password encryption in Active Directory,Enabled where supported,Enforce,Computer Configuration\Policies\Administrative Templates\System\LAPS,TA0006 Credential Access; TA0008 Lateral Movement,Pass-the-hash; shared local administrator password reuse; lateral movement,Windows 11 / Windows Server 2025,MS-LAPS
20,GPO-020,97.85,P0,Detect,CAT05,Kerberos & NTLM Reduction,Network security: Restrict NTLM: Audit NTLM authentication in this domain,Enable all on domain controllers,Audit,Computer Configuration\Windows Settings\Security Settings\Local Policies\Security Options,TA0006 Credential Access; TA0008 Lateral Movement,NTLM relay; legacy authentication downgrade; credential replay,Windows 11 / Windows Server 2025,MS-SERVER2602
21,GPO-021,97.8,P0,Prevent,CAT03,Windows LAPS,Configure AD password encryption principal,Restrict decryption to a dedicated authorized group,Enforce,Computer Configuration\Policies\Administrative Templates\System\LAPS,TA0006 Credential Access; TA0008 Lateral Movement,Pass-the-hash; shared local administrator password reuse; lateral movement,Windows 11 / Windows Server 2025,MS-LAPS
22,GPO-022,97.7,P0,Detect,CAT05,Kerberos & NTLM Reduction,Network security: Restrict NTLM: Outgoing NTLM traffic to remote servers,Audit all before blocking,Audit -> Enforce,Computer Configuration\Windows Settings\Security Settings\Local Policies\Security Options,TA0006 Credential Access; TA0008 Lateral Movement,NTLM relay; legacy authentication downgrade; credential replay,Windows 11 / Windows Server 2025,MS-SERVER2602
23,GPO-023,97.65,P0,Prevent,CAT03,Windows LAPS,Automatic account management,Enable on supported platforms and manage the local admin lifecycle,Pilot -> Enforce,Computer Configuration\Policies\Administrative Templates\System\LAPS,TA0006 Credential Access; TA0008 Lateral Movement,Pass-the-hash; shared local administrator password reuse; lateral movement,Windows 11 / Windows Server 2025,MS-LAPS
24,GPO-024,97.55,P0,Prevent,CAT05,Kerberos & NTLM Reduction,Network security: Restrict NTLM: Incoming NTLM traffic,"Audit first, then deny as compatibility allows",Audit -> Enforce,Computer Configuration\Windows Settings\Security Settings\Local Policies\Security Options,TA0006 Credential Access; TA0008 Lateral Movement,NTLM relay; legacy authentication downgrade; credential replay,Windows 11 / Windows Server 2025,MS-SERVER2602
25,GPO-025,97.4,P0,Prevent,CAT05,Kerberos & NTLM Reduction,Network security: Restrict NTLM: NTLM authentication in this domain,"Audit dependencies, then deny progressively",Audit -> Enforce,Computer Configuration\Windows Settings\Security Settings\Local Policies\Security Options,TA0006 Credential Access; TA0008 Lateral Movement,NTLM relay; legacy authentication downgrade; credential replay,Windows 11 / Windows Server 2025,MS-SERVER2602
26,GPO-026,97.25,P0,Contain,CAT05,Kerberos & NTLM Reduction,Network security: Restrict NTLM: Add remote server exceptions for NTLM authentication,Keep empty by default; document every exception,Exception-only,Computer Configuration\Windows Settings\Security Settings\Local Policies\Security Options,TA0006 Credential Access; TA0008 Lateral Movement,NTLM relay; legacy authentication downgrade; credential replay,Windows 11 / Windows Server 2025,MS-SERVER2602
27,GPO-027,97.1,P0,Prevent,CAT05,Kerberos & NTLM Reduction,Network security: Configure encryption types allowed for Kerberos,Prefer AES; remove DES and legacy types,Audit -> Enforce,Computer Configuration\Windows Settings\Security Settings\Local Policies\Security Options,TA0006 Credential Access; TA0008 Lateral Movement,NTLM relay; legacy authentication downgrade; credential replay,Windows 11 / Windows Server 2025,MS-SERVER2602
28,GPO-028,97,P0,Prevent,CAT06,"SMB, Name Resolution & Legacy Network Surface",Microsoft network client: Digitally sign communications (always),Enabled,Enforce,Computer Configuration\Windows Settings\Security Settings\Local Policies\Security Options / Administrative Templates\Network,TA0008 Lateral Movement; TA0006 Credential Access; TA0007 Discovery,SMB relay; rogue name resolution; lateral movement; legacy protocol abuse,Windows 11 / Windows Server 2025,MS-SMB
29,GPO-029,96.95,P0,Prevent,CAT05,Kerberos & NTLM Reduction,"KDC support for claims, compound authentication and Kerberos armoring",Enable where domain compatibility supports it,Pilot -> Enforce,Computer Configuration\Windows Settings\Security Settings\Local Policies\Security Options,TA0006 Credential Access; TA0008 Lateral Movement,NTLM relay; legacy authentication downgrade; credential replay,Windows 11 / Windows Server 2025,MS-SERVER2602
30,GPO-030,96.85,P0,Prevent,CAT06,"SMB, Name Resolution & Legacy Network Surface",Microsoft network server: Digitally sign communications (always),Enabled,Enforce,Computer Configuration\Windows Settings\Security Settings\Local Policies\Security Options / Administrative Templates\Network,TA0008 Lateral Movement; TA0006 Credential Access; TA0007 Discovery,SMB relay; rogue name resolution; lateral movement; legacy protocol abuse,Windows 11 / Windows Server 2025,MS-SMB
31,GPO-031,96.8,P0,Prevent,CAT05,Kerberos & NTLM Reduction,"Kerberos client support for claims, compound authentication and Kerberos armoring",Enable where supported,Pilot -> Enforce,Computer Configuration\Windows Settings\Security Settings\Local Policies\Security Options,TA0006 Credential Access; TA0008 Lateral Movement,NTLM relay; legacy authentication downgrade; credential replay,Windows 11 / Windows Server 2025,MS-SERVER2602
32,GPO-032,96.7,P0,Prevent,CAT06,"SMB, Name Resolution & Legacy Network Surface",Enable insecure guest logons,Disabled,Enforce,Computer Configuration\Windows Settings\Security Settings\Local Policies\Security Options / Administrative Templates\Network,TA0008 Lateral Movement; TA0006 Credential Access; TA0007 Discovery,SMB relay; rogue name resolution; lateral movement; legacy protocol abuse,Windows 11 / Windows Server 2025,MS-SMB
33,GPO-033,96.65,P0,Prevent,CAT05,Kerberos & NTLM Reduction,Validate vulnerable Windows Hello for Business keys during authentication,Block ROCA-vulnerable keys on supported domain controllers,Pilot -> Enforce,Computer Configuration\Windows Settings\Security Settings\Local Policies\Security Options,TA0006 Credential Access; TA0008 Lateral Movement,NTLM relay; legacy authentication downgrade; credential replay,Windows 11 / Windows Server 2025,MS-SERVER2602
34,GPO-034,96.55,P0,Prevent,CAT06,"SMB, Name Resolution & Legacy Network Surface",SMB1 client driver,Disabled where not explicitly required,Audit -> Enforce,Computer Configuration\Windows Settings\Security Settings\Local Policies\Security Options / Administrative Templates\Network,TA0008 Lateral Movement; TA0006 Credential Access; TA0007 Discovery,SMB relay; rogue name resolution; lateral movement; legacy protocol abuse,Windows 11 / Windows Server 2025,MS-SMB
35,GPO-035,96.4,P0,Prevent,CAT06,"SMB, Name Resolution & Legacy Network Surface",SMB1 server,Disabled,Audit -> Enforce,Computer Configuration\Windows Settings\Security Settings\Local Policies\Security Options / Administrative Templates\Network,TA0008 Lateral Movement; TA0006 Credential Access; TA0007 Discovery,SMB relay; rogue name resolution; lateral movement; legacy protocol abuse,Windows 11 / Windows Server 2025,MS-SMB
36,GPO-036,96.25,P0,Prevent,CAT06,"SMB, Name Resolution & Legacy Network Surface",Turn off multicast name resolution (LLMNR),Enabled,Audit -> Enforce,Computer Configuration\Windows Settings\Security Settings\Local Policies\Security Options / Administrative Templates\Network,TA0008 Lateral Movement; TA0006 Credential Access; TA0007 Discovery,SMB relay; rogue name resolution; lateral movement; legacy protocol abuse,Windows 11 / Windows Server 2025,MS-SMB
37,GPO-037,96.1,P0,Prevent,CAT06,"SMB, Name Resolution & Legacy Network Surface",Hardened UNC Paths - NETLOGON,Require mutual authentication and integrity,Pilot -> Enforce,Computer Configuration\Windows Settings\Security Settings\Local Policies\Security Options / Administrative Templates\Network,TA0008 Lateral Movement; TA0006 Credential Access; TA0007 Discovery,SMB relay; rogue name resolution; lateral movement; legacy protocol abuse,Windows 11 / Windows Server 2025,MS-SMB
38,GPO-038,96,P0,Prevent,CAT09,Attack Surface Reduction Rules,Block Office applications from creating child processes,Block after audit validation,Audit -> Enforce,Computer Configuration\Administrative Templates\Windows Components\Microsoft Defender Antivirus\Microsoft Defender Exploit Guard\Attack Surface Reduction,TA0002 Execution; TA0004 Privilege Escalation; TA0006 Credential Access; TA0005 Stealth; TA0112 Defense Impairment,Phishing payloads; LOLBins; Office abuse; credential theft; ransomware,Windows 11 / Windows Server 2025,MS-ASR
39,GPO-039,95.95,P0,Prevent,CAT06,"SMB, Name Resolution & Legacy Network Surface",Hardened UNC Paths - SYSVOL,Require mutual authentication and integrity,Pilot -> Enforce,Computer Configuration\Windows Settings\Security Settings\Local Policies\Security Options / Administrative Templates\Network,TA0008 Lateral Movement; TA0006 Credential Access; TA0007 Discovery,SMB relay; rogue name resolution; lateral movement; legacy protocol abuse,Windows 11 / Windows Server 2025,MS-SMB
40,GPO-040,95.85,P0,Prevent,CAT09,Attack Surface Reduction Rules,Block Office applications from creating executable content,Block after audit validation,Audit -> Enforce,Computer Configuration\Administrative Templates\Windows Components\Microsoft Defender Antivirus\Microsoft Defender Exploit Guard\Attack Surface Reduction,TA0002 Execution; TA0004 Privilege Escalation; TA0006 Credential Access; TA0005 Stealth; TA0112 Defense Impairment,Phishing payloads; LOLBins; Office abuse; credential theft; ransomware,Windows 11 / Windows Server 2025,MS-ASR
41,GPO-041,95.8,P0,Prevent,CAT06,"SMB, Name Resolution & Legacy Network Surface",Network access: Restrict anonymous access to Named Pipes and Shares,Enabled,Enforce,Computer Configuration\Windows Settings\Security Settings\Local Policies\Security Options / Administrative Templates\Network,TA0008 Lateral Movement; TA0006 Credential Access; TA0007 Discovery,SMB relay; rogue name resolution; lateral movement; legacy protocol abuse,Windows 11 / Windows Server 2025,MS-SMB
42,GPO-042,95.7,P0,Prevent,CAT09,Attack Surface Reduction Rules,Block Office applications from injecting code into other processes,Block after audit validation,Audit -> Enforce,Computer Configuration\Administrative Templates\Windows Components\Microsoft Defender Antivirus\Microsoft Defender Exploit Guard\Attack Surface Reduction,TA0002 Execution; TA0004 Privilege Escalation; TA0006 Credential Access; TA0005 Stealth; TA0112 Defense Impairment,Phishing payloads; LOLBins; Office abuse; credential theft; ransomware,Windows 11 / Windows Server 2025,MS-ASR
43,GPO-043,95.65,P0,Prevent,CAT06,"SMB, Name Resolution & Legacy Network Surface",Network access: Do not allow anonymous enumeration of SAM accounts and shares,Enabled,Enforce,Computer Configuration\Windows Settings\Security Settings\Local Policies\Security Options / Administrative Templates\Network,TA0008 Lateral Movement; TA0006 Credential Access; TA0007 Discovery,SMB relay; rogue name resolution; lateral movement; legacy protocol abuse,Windows 11 / Windows Server 2025,MS-SMB
44,GPO-044,95.55,P0,Prevent,CAT09,Attack Surface Reduction Rules,Block Win32 API calls from Office macros,Block after audit validation,Audit -> Enforce,Computer Configuration\Administrative Templates\Windows Components\Microsoft Defender Antivirus\Microsoft Defender Exploit Guard\Attack Surface Reduction,TA0002 Execution; TA0004 Privilege Escalation; TA0006 Credential Access; TA0005 Stealth; TA0112 Defense Impairment,Phishing payloads; LOLBins; Office abuse; credential theft; ransomware,Windows 11 / Windows Server 2025,MS-ASR
45,GPO-045,95.4,P0,Prevent,CAT09,Attack Surface Reduction Rules,Block executable content from email client and webmail,Block after audit validation,Audit -> Enforce,Computer Configuration\Administrative Templates\Windows Components\Microsoft Defender Antivirus\Microsoft Defender Exploit Guard\Attack Surface Reduction,TA0002 Execution; TA0004 Privilege Escalation; TA0006 Credential Access; TA0005 Stealth; TA0112 Defense Impairment,Phishing payloads; LOLBins; Office abuse; credential theft; ransomware,Windows 11 / Windows Server 2025,MS-ASR
46,GPO-046,95.25,P0,Prevent,CAT09,Attack Surface Reduction Rules,Block JavaScript or VBScript from launching downloaded executable content,Block after audit validation,Audit -> Enforce,Computer Configuration\Administrative Templates\Windows Components\Microsoft Defender Antivirus\Microsoft Defender Exploit Guard\Attack Surface Reduction,TA0002 Execution; TA0004 Privilege Escalation; TA0006 Credential Access; TA0005 Stealth; TA0112 Defense Impairment,Phishing payloads; LOLBins; Office abuse; credential theft; ransomware,Windows 11 / Windows Server 2025,MS-ASR
47,GPO-047,95.1,P0,Prevent,CAT09,Attack Surface Reduction Rules,Block credential stealing from the Windows local security authority subsystem,Block,Enforce,Computer Configuration\Administrative Templates\Windows Components\Microsoft Defender Antivirus\Microsoft Defender Exploit Guard\Attack Surface Reduction,TA0002 Execution; TA0004 Privilege Escalation; TA0006 Credential Access; TA0005 Stealth; TA0112 Defense Impairment,Phishing payloads; LOLBins; Office abuse; credential theft; ransomware,Windows 11 / Windows Server 2025,MS-ASR
48,GPO-048,95,P0,Prevent,CAT08,Microsoft Defender Antivirus,Turn off Microsoft Defender Antivirus,Disabled,Enforce,Computer Configuration\Administrative Templates\Windows Components\Microsoft Defender Antivirus,TA0002 Execution; TA0005 Stealth; TA0112 Defense Impairment; TA0011 Command and Control,Malware execution; ransomware; commodity loaders; malicious downloads,Windows 11 / Windows Server 2025,MS-DEFENDER
49,GPO-049,94.95,P1,Prevent,CAT09,Attack Surface Reduction Rules,Block abuse of exploited vulnerable signed drivers,Block,Enforce,Computer Configuration\Administrative Templates\Windows Components\Microsoft Defender Antivirus\Microsoft Defender Exploit Guard\Attack Surface Reduction,TA0002 Execution; TA0004 Privilege Escalation; TA0006 Credential Access; TA0005 Stealth; TA0112 Defense Impairment,Phishing payloads; LOLBins; Office abuse; credential theft; ransomware,Windows 11 / Windows Server 2025,MS-ASR
50,GPO-050,94.85,P1,Prevent,CAT08,Microsoft Defender Antivirus,Turn off real-time protection,Disabled,Enforce,Computer Configuration\Administrative Templates\Windows Components\Microsoft Defender Antivirus,TA0002 Execution; TA0005 Stealth; TA0112 Defense Impairment; TA0011 Command and Control,Malware execution; ransomware; commodity loaders; malicious downloads,Windows 11 / Windows Server 2025,MS-DEFENDER
51,GPO-051,94.8,P1,Prevent,CAT09,Attack Surface Reduction Rules,Block process creations originating from PSExec and WMI commands,Block where remote administration model supports it,Audit -> Enforce,Computer Configuration\Administrative Templates\Windows Components\Microsoft Defender Antivirus\Microsoft Defender Exploit Guard\Attack Surface Reduction,TA0002 Execution; TA0004 Privilege Escalation; TA0006 Credential Access; TA0005 Stealth; TA0112 Defense Impairment,Phishing payloads; LOLBins; Office abuse; credential theft; ransomware,Windows 11 / Windows Server 2025,MS-ASR
52,GPO-052,94.7,P1,Prevent,CAT08,Microsoft Defender Antivirus,Turn on behavior monitoring,Enabled,Enforce,Computer Configuration\Administrative Templates\Windows Components\Microsoft Defender Antivirus,TA0002 Execution; TA0005 Stealth; TA0112 Defense Impairment; TA0011 Command and Control,Malware execution; ransomware; commodity loaders; malicious downloads,Windows 11 / Windows Server 2025,MS-DEFENDER
53,GPO-053,94.65,P1,Prevent,CAT09,Attack Surface Reduction Rules,Use advanced protection against ransomware,Block after audit validation,Audit -> Enforce,Computer Configuration\Administrative Templates\Windows Components\Microsoft Defender Antivirus\Microsoft Defender Exploit Guard\Attack Surface Reduction,TA0002 Execution; TA0004 Privilege Escalation; TA0006 Credential Access; TA0005 Stealth; TA0112 Defense Impairment,Phishing payloads; LOLBins; Office abuse; credential theft; ransomware,Windows 11 / Windows Server 2025,MS-ASR
54,GPO-054,94.55,P1,Prevent,CAT08,Microsoft Defender Antivirus,Scan all downloaded files and attachments,Enabled,Enforce,Computer Configuration\Administrative Templates\Windows Components\Microsoft Defender Antivirus,TA0002 Execution; TA0005 Stealth; TA0112 Defense Impairment; TA0011 Command and Control,Malware execution; ransomware; commodity loaders; malicious downloads,Windows 11 / Windows Server 2025,MS-DEFENDER
55,GPO-055,94.4,P1,Prevent,CAT08,Microsoft Defender Antivirus,Turn on process scanning whenever real-time protection is enabled,Enabled,Enforce,Computer Configuration\Administrative Templates\Windows Components\Microsoft Defender Antivirus,TA0002 Execution; TA0005 Stealth; TA0112 Defense Impairment; TA0011 Command and Control,Malware execution; ransomware; commodity loaders; malicious downloads,Windows 11 / Windows Server 2025,MS-DEFENDER
56,GPO-056,94.25,P1,Prevent,CAT08,Microsoft Defender Antivirus,Join Microsoft MAPS,Advanced membership / cloud protection enabled,Enforce,Computer Configuration\Administrative Templates\Windows Components\Microsoft Defender Antivirus,TA0002 Execution; TA0005 Stealth; TA0112 Defense Impairment; TA0011 Command and Control,Malware execution; ransomware; commodity loaders; malicious downloads,Windows 11 / Windows Server 2025,MS-DEFENDER
57,GPO-057,94.1,P1,Detect,CAT08,Microsoft Defender Antivirus,Send file samples when further analysis is required,Send safe samples automatically or organization-approved option,Enforce,Computer Configuration\Administrative Templates\Windows Components\Microsoft Defender Antivirus,TA0002 Execution; TA0005 Stealth; TA0112 Defense Impairment; TA0011 Command and Control,Malware execution; ransomware; commodity loaders; malicious downloads,Windows 11 / Windows Server 2025,MS-DEFENDER
58,GPO-058,94,P1,Contain,CAT07,Windows Defender Firewall & Network Containment,Domain Profile: Firewall state,On,Enforce,Computer Configuration\Windows Settings\Security Settings\Windows Defender Firewall with Advanced Security,TA0011 Command and Control; TA0008 Lateral Movement; TA0010 Exfiltration,C2; lateral movement; unauthorized inbound services; data exfiltration,Windows 11 / Windows Server 2025,MS-FW
59,GPO-059,93.95,P1,Prevent,CAT08,Microsoft Defender Antivirus,Configure detection for potentially unwanted applications,Block,Enforce,Computer Configuration\Administrative Templates\Windows Components\Microsoft Defender Antivirus,TA0002 Execution; TA0005 Stealth; TA0112 Defense Impairment; TA0011 Command and Control,Malware execution; ransomware; commodity loaders; malicious downloads,Windows 11 / Windows Server 2025,MS-DEFENDER
60,GPO-060,93.85,P1,Contain,CAT07,Windows Defender Firewall & Network Containment,Private Profile: Firewall state,On,Enforce,Computer Configuration\Windows Settings\Security Settings\Windows Defender Firewall with Advanced Security,TA0011 Command and Control; TA0008 Lateral Movement; TA0010 Exfiltration,C2; lateral movement; unauthorized inbound services; data exfiltration,Windows 11 / Windows Server 2025,MS-FW
61,GPO-061,93.8,P1,Prevent,CAT08,Microsoft Defender Antivirus,Configure cloud-delivered protection level,High or higher after pilot,Pilot -> Enforce,Computer Configuration\Administrative Templates\Windows Components\Microsoft Defender Antivirus,TA0002 Execution; TA0005 Stealth; TA0112 Defense Impairment; TA0011 Command and Control,Malware execution; ransomware; commodity loaders; malicious downloads,Windows 11 / Windows Server 2025,MS-DEFENDER
62,GPO-062,93.7,P1,Contain,CAT07,Windows Defender Firewall & Network Containment,Public Profile: Firewall state,On,Enforce,Computer Configuration\Windows Settings\Security Settings\Windows Defender Firewall with Advanced Security,TA0011 Command and Control; TA0008 Lateral Movement; TA0010 Exfiltration,C2; lateral movement; unauthorized inbound services; data exfiltration,Windows 11 / Windows Server 2025,MS-FW
63,GPO-063,93.65,P1,Prevent,CAT08,Microsoft Defender Antivirus,Configure extended cloud check,Increase cloud block timeout where operationally acceptable,Pilot -> Enforce,Computer Configuration\Administrative Templates\Windows Components\Microsoft Defender Antivirus,TA0002 Execution; TA0005 Stealth; TA0112 Defense Impairment; TA0011 Command and Control,Malware execution; ransomware; commodity loaders; malicious downloads,Windows 11 / Windows Server 2025,MS-DEFENDER
64,GPO-064,93.55,P1,Contain,CAT07,Windows Defender Firewall & Network Containment,Domain Profile: Inbound connections,Block by default; allow only approved rules,Pilot -> Enforce,Computer Configuration\Windows Settings\Security Settings\Windows Defender Firewall with Advanced Security,TA0011 Command and Control; TA0008 Lateral Movement; TA0010 Exfiltration,C2; lateral movement; unauthorized inbound services; data exfiltration,Windows 11 / Windows Server 2025,MS-FW
65,GPO-065,93.4,P1,Contain,CAT07,Windows Defender Firewall & Network Containment,Private Profile: Inbound connections,Block by default,Enforce,Computer Configuration\Windows Settings\Security Settings\Windows Defender Firewall with Advanced Security,TA0011 Command and Control; TA0008 Lateral Movement; TA0010 Exfiltration,C2; lateral movement; unauthorized inbound services; data exfiltration,Windows 11 / Windows Server 2025,MS-FW
66,GPO-066,93.25,P1,Contain,CAT07,Windows Defender Firewall & Network Containment,Public Profile: Inbound connections,Block,Enforce,Computer Configuration\Windows Settings\Security Settings\Windows Defender Firewall with Advanced Security,TA0011 Command and Control; TA0008 Lateral Movement; TA0010 Exfiltration,C2; lateral movement; unauthorized inbound services; data exfiltration,Windows 11 / Windows Server 2025,MS-FW
67,GPO-067,93.1,P1,Contain,CAT07,Windows Defender Firewall & Network Containment,Public Profile: Apply local firewall rules,No for centrally managed enterprise endpoints,Pilot -> Enforce,Computer Configuration\Windows Settings\Security Settings\Windows Defender Firewall with Advanced Security,TA0011 Command and Control; TA0008 Lateral Movement; TA0010 Exfiltration,C2; lateral movement; unauthorized inbound services; data exfiltration,Windows 11 / Windows Server 2025,MS-FW
68,GPO-068,93,P1,Detect,CAT12,PowerShell & Script Visibility,Turn on PowerShell Script Block Logging,Enabled,Enforce,Computer Configuration\Administrative Templates\Windows Components\Windows PowerShell,TA0002 Execution; TA0005 Stealth; TA0112 Defense Impairment; TA0003 Persistence,PowerShell abuse; fileless execution; script persistence; LOLBins,Windows 11 / Windows Server 2025,MS-POWERSHELL
69,GPO-069,92.95,P1,Detect,CAT07,Windows Defender Firewall & Network Containment,Firewall logging: Log dropped packets,Enabled on all profiles,Enforce,Computer Configuration\Windows Settings\Security Settings\Windows Defender Firewall with Advanced Security,TA0011 Command and Control; TA0008 Lateral Movement; TA0010 Exfiltration,C2; lateral movement; unauthorized inbound services; data exfiltration,Windows 11 / Windows Server 2025,MS-FW
70,GPO-070,92.85,P1,Detect,CAT12,PowerShell & Script Visibility,Turn on PowerShell Module Logging,Enabled for all modules or risk-selected modules,Enforce,Computer Configuration\Administrative Templates\Windows Components\Windows PowerShell,TA0002 Execution; TA0005 Stealth; TA0112 Defense Impairment; TA0003 Persistence,PowerShell abuse; fileless execution; script persistence; LOLBins,Windows 11 / Windows Server 2025,MS-POWERSHELL
71,GPO-071,92.8,P1,Detect,CAT07,Windows Defender Firewall & Network Containment,Firewall logging: Log successful connections,Enable on high-value systems or during hunts,Pilot,Computer Configuration\Windows Settings\Security Settings\Windows Defender Firewall with Advanced Security,TA0011 Command and Control; TA0008 Lateral Movement; TA0010 Exfiltration,C2; lateral movement; unauthorized inbound services; data exfiltration,Windows 11 / Windows Server 2025,MS-FW
72,GPO-072,92.7,P1,Detect,CAT12,PowerShell & Script Visibility,Turn on PowerShell Transcription,Enabled with protected central output or secure collection workflow,Pilot -> Enforce,Computer Configuration\Administrative Templates\Windows Components\Windows PowerShell,TA0002 Execution; TA0005 Stealth; TA0112 Defense Impairment; TA0003 Persistence,PowerShell abuse; fileless execution; script persistence; LOLBins,Windows 11 / Windows Server 2025,MS-POWERSHELL
73,GPO-073,92.65,P1,Detect,CAT07,Windows Defender Firewall & Network Containment,Firewall log maximum size,Increase for collection latency and retention needs,Enforce,Computer Configuration\Windows Settings\Security Settings\Windows Defender Firewall with Advanced Security,TA0011 Command and Control; TA0008 Lateral Movement; TA0010 Exfiltration,C2; lateral movement; unauthorized inbound services; data exfiltration,Windows 11 / Windows Server 2025,MS-FW
74,GPO-074,92.55,P1,Detect,CAT12,PowerShell & Script Visibility,Turn on Protected Event Logging,Enabled when PKI and log collection support it,Pilot -> Enforce,Computer Configuration\Administrative Templates\Windows Components\Windows PowerShell,TA0002 Execution; TA0005 Stealth; TA0112 Defense Impairment; TA0003 Persistence,PowerShell abuse; fileless execution; script persistence; LOLBins,Windows 11 / Windows Server 2025,MS-POWERSHELL
75,GPO-075,92.4,P1,Contain,CAT12,PowerShell & Script Visibility,Turn on Script Execution,Use signed or RemoteSigned policy consistent with admin workflow; not a security boundary,Pilot,Computer Configuration\Administrative Templates\Windows Components\Windows PowerShell,TA0002 Execution; TA0005 Stealth; TA0112 Defense Impairment; TA0003 Persistence,PowerShell abuse; fileless execution; script persistence; LOLBins,Windows 11 / Windows Server 2025,MS-POWERSHELL
76,GPO-076,92.25,P1,Prevent,CAT12,PowerShell & Script Visibility,PowerShell v2 engine,Remove or disable legacy PowerShell 2 where present,Enforce,Computer Configuration\Administrative Templates\Windows Components\Windows PowerShell,TA0002 Execution; TA0005 Stealth; TA0112 Defense Impairment; TA0003 Persistence,PowerShell abuse; fileless execution; script persistence; LOLBins,Windows 11 / Windows Server 2025,MS-POWERSHELL
77,GPO-077,92.1,P1,Prevent,CAT12,PowerShell & Script Visibility,Windows Script Host execution,Disable on hardened tiers where business use is absent,Audit -> Enforce,Computer Configuration\Administrative Templates\Windows Components\Windows PowerShell,TA0002 Execution; TA0005 Stealth; TA0112 Defense Impairment; TA0003 Persistence,PowerShell abuse; fileless execution; script persistence; LOLBins,Windows 11 / Windows Server 2025,MS-POWERSHELL
78,GPO-078,92,P1,Detect,CAT15,"Advanced Audit: Logon, Account Logon & Session Signals",Audit Credential Validation,Success and Failure,Enforce,Computer Configuration\Windows Settings\Security Settings\Advanced Audit Policy Configuration\System Audit Policies\Logon/Logoff and Account Logon,TA0006 Credential Access; TA0008 Lateral Movement; TA0004 Privilege Escalation,Brute force; suspicious logons; token abuse; remote logon; credential misuse,Windows 11 / Windows Server 2025,MS-AUDIT
79,GPO-079,91.95,P1,Prevent,CAT12,PowerShell & Script Visibility,Turn off AutoPlay,Enabled for all drives,Enforce,Computer Configuration\Administrative Templates\Windows Components\Windows PowerShell,TA0002 Execution; TA0005 Stealth; TA0112 Defense Impairment; TA0003 Persistence,PowerShell abuse; fileless execution; script persistence; LOLBins,Windows 11 / Windows Server 2025,MS-POWERSHELL
80,GPO-080,91.85,P1,Detect,CAT15,"Advanced Audit: Logon, Account Logon & Session Signals",Audit Kerberos Authentication Service,Success and Failure on domain controllers,Enforce,Computer Configuration\Windows Settings\Security Settings\Advanced Audit Policy Configuration\System Audit Policies\Logon/Logoff and Account Logon,TA0006 Credential Access; TA0008 Lateral Movement; TA0004 Privilege Escalation,Brute force; suspicious logons; token abuse; remote logon; credential misuse,Windows 11 / Windows Server 2025,MS-AUDIT
81,GPO-081,91.8,P1,Prevent,CAT12,PowerShell & Script Visibility,Set the default behavior for AutoRun,Do not execute any AutoRun commands,Enforce,Computer Configuration\Administrative Templates\Windows Components\Windows PowerShell,TA0002 Execution; TA0005 Stealth; TA0112 Defense Impairment; TA0003 Persistence,PowerShell abuse; fileless execution; script persistence; LOLBins,Windows 11 / Windows Server 2025,MS-POWERSHELL
82,GPO-082,91.7,P1,Detect,CAT15,"Advanced Audit: Logon, Account Logon & Session Signals",Audit Kerberos Service Ticket Operations,Success and Failure on domain controllers,Enforce,Computer Configuration\Windows Settings\Security Settings\Advanced Audit Policy Configuration\System Audit Policies\Logon/Logoff and Account Logon,TA0006 Credential Access; TA0008 Lateral Movement; TA0004 Privilege Escalation,Brute force; suspicious logons; token abuse; remote logon; credential misuse,Windows 11 / Windows Server 2025,MS-AUDIT
83,GPO-083,91.65,P1,Detect,CAT12,PowerShell & Script Visibility,Include command line in process creation events,Enabled; protect logs because arguments may contain sensitive data,Enforce,Computer Configuration\Administrative Templates\Windows Components\Windows PowerShell,TA0002 Execution; TA0005 Stealth; TA0112 Defense Impairment; TA0003 Persistence,PowerShell abuse; fileless execution; script persistence; LOLBins,Windows 11 / Windows Server 2025,MS-POWERSHELL
84,GPO-084,91.55,P1,Detect,CAT15,"Advanced Audit: Logon, Account Logon & Session Signals",Audit Other Account Logon Events,Success and Failure,Enforce,Computer Configuration\Windows Settings\Security Settings\Advanced Audit Policy Configuration\System Audit Policies\Logon/Logoff and Account Logon,TA0006 Credential Access; TA0008 Lateral Movement; TA0004 Privilege Escalation,Brute force; suspicious logons; token abuse; remote logon; credential misuse,Windows 11 / Windows Server 2025,MS-AUDIT
85,GPO-085,91.4,P1,Detect,CAT15,"Advanced Audit: Logon, Account Logon & Session Signals",Audit Logon,Success and Failure,Enforce,Computer Configuration\Windows Settings\Security Settings\Advanced Audit Policy Configuration\System Audit Policies\Logon/Logoff and Account Logon,TA0006 Credential Access; TA0008 Lateral Movement; TA0004 Privilege Escalation,Brute force; suspicious logons; token abuse; remote logon; credential misuse,Windows 11 / Windows Server 2025,MS-AUDIT
86,GPO-086,91.25,P1,Detect,CAT15,"Advanced Audit: Logon, Account Logon & Session Signals",Audit Logoff,Success,Enforce,Computer Configuration\Windows Settings\Security Settings\Advanced Audit Policy Configuration\System Audit Policies\Logon/Logoff and Account Logon,TA0006 Credential Access; TA0008 Lateral Movement; TA0004 Privilege Escalation,Brute force; suspicious logons; token abuse; remote logon; credential misuse,Windows 11 / Windows Server 2025,MS-AUDIT
87,GPO-087,91.1,P1,Detect,CAT15,"Advanced Audit: Logon, Account Logon & Session Signals",Audit Account Lockout,Failure,Enforce,Computer Configuration\Windows Settings\Security Settings\Advanced Audit Policy Configuration\System Audit Policies\Logon/Logoff and Account Logon,TA0006 Credential Access; TA0008 Lateral Movement; TA0004 Privilege Escalation,Brute force; suspicious logons; token abuse; remote logon; credential misuse,Windows 11 / Windows Server 2025,MS-AUDIT
88,GPO-088,91,P1,Detect,CAT17,"Advanced Audit: Process, Object, Privilege & Policy",Audit Process Creation,Success,Enforce,Computer Configuration\Windows Settings\Security Settings\Advanced Audit Policy Configuration\System Audit Policies,TA0002 Execution; TA0005 Stealth; TA0112 Defense Impairment; TA0004 Privilege Escalation; TA0009 Collection,Suspicious process creation; sensitive privilege abuse; file/share access; policy tampering,Windows 11 / Windows Server 2025,MS-AUDIT
89,GPO-089,90.95,P1,Detect,CAT15,"Advanced Audit: Logon, Account Logon & Session Signals",Audit Special Logon,Success,Enforce,Computer Configuration\Windows Settings\Security Settings\Advanced Audit Policy Configuration\System Audit Policies\Logon/Logoff and Account Logon,TA0006 Credential Access; TA0008 Lateral Movement; TA0004 Privilege Escalation,Brute force; suspicious logons; token abuse; remote logon; credential misuse,Windows 11 / Windows Server 2025,MS-AUDIT
90,GPO-090,90.85,P1,Detect,CAT17,"Advanced Audit: Process, Object, Privilege & Policy",Audit Process Termination,Success on high-value systems or hunting tiers,Pilot,Computer Configuration\Windows Settings\Security Settings\Advanced Audit Policy Configuration\System Audit Policies,TA0002 Execution; TA0005 Stealth; TA0112 Defense Impairment; TA0004 Privilege Escalation; TA0009 Collection,Suspicious process creation; sensitive privilege abuse; file/share access; policy tampering,Windows 11 / Windows Server 2025,MS-AUDIT
91,GPO-091,90.8,P1,Detect,CAT15,"Advanced Audit: Logon, Account Logon & Session Signals",Audit Group Membership,Success,Enforce,Computer Configuration\Windows Settings\Security Settings\Advanced Audit Policy Configuration\System Audit Policies\Logon/Logoff and Account Logon,TA0006 Credential Access; TA0008 Lateral Movement; TA0004 Privilege Escalation,Brute force; suspicious logons; token abuse; remote logon; credential misuse,Windows 11 / Windows Server 2025,MS-AUDIT
92,GPO-092,90.7,P1,Detect,CAT17,"Advanced Audit: Process, Object, Privilege & Policy",Audit DPAPI Activity,Success and Failure,Enforce,Computer Configuration\Windows Settings\Security Settings\Advanced Audit Policy Configuration\System Audit Policies,TA0002 Execution; TA0005 Stealth; TA0112 Defense Impairment; TA0004 Privilege Escalation; TA0009 Collection,Suspicious process creation; sensitive privilege abuse; file/share access; policy tampering,Windows 11 / Windows Server 2025,MS-AUDIT
93,GPO-093,90.65,P1,Detect,CAT15,"Advanced Audit: Logon, Account Logon & Session Signals",Audit Other Logon/Logoff Events,Success and Failure,Enforce,Computer Configuration\Windows Settings\Security Settings\Advanced Audit Policy Configuration\System Audit Policies\Logon/Logoff and Account Logon,TA0006 Credential Access; TA0008 Lateral Movement; TA0004 Privilege Escalation,Brute force; suspicious logons; token abuse; remote logon; credential misuse,Windows 11 / Windows Server 2025,MS-AUDIT
94,GPO-094,90.55,P1,Detect,CAT17,"Advanced Audit: Process, Object, Privilege & Policy",Audit Sensitive Privilege Use,Success and Failure,Enforce,Computer Configuration\Windows Settings\Security Settings\Advanced Audit Policy Configuration\System Audit Policies,TA0002 Execution; TA0005 Stealth; TA0112 Defense Impairment; TA0004 Privilege Escalation; TA0009 Collection,Suspicious process creation; sensitive privilege abuse; file/share access; policy tampering,Windows 11 / Windows Server 2025,MS-AUDIT
95,GPO-095,90.4,P1,Detect,CAT17,"Advanced Audit: Process, Object, Privilege & Policy",Audit Audit Policy Change,Success and Failure,Enforce,Computer Configuration\Windows Settings\Security Settings\Advanced Audit Policy Configuration\System Audit Policies,TA0002 Execution; TA0005 Stealth; TA0112 Defense Impairment; TA0004 Privilege Escalation; TA0009 Collection,Suspicious process creation; sensitive privilege abuse; file/share access; policy tampering,Windows 11 / Windows Server 2025,MS-AUDIT
96,GPO-096,90.25,P1,Detect,CAT17,"Advanced Audit: Process, Object, Privilege & Policy",Audit Authentication Policy Change,Success and Failure,Enforce,Computer Configuration\Windows Settings\Security Settings\Advanced Audit Policy Configuration\System Audit Policies,TA0002 Execution; TA0005 Stealth; TA0112 Defense Impairment; TA0004 Privilege Escalation; TA0009 Collection,Suspicious process creation; sensitive privilege abuse; file/share access; policy tampering,Windows 11 / Windows Server 2025,MS-AUDIT
97,GPO-097,90.1,P1,Detect,CAT17,"Advanced Audit: Process, Object, Privilege & Policy",Audit MPSSVC Rule-Level Policy Change,Success and Failure,Enforce,Computer Configuration\Windows Settings\Security Settings\Advanced Audit Policy Configuration\System Audit Policies,TA0002 Execution; TA0005 Stealth; TA0112 Defense Impairment; TA0004 Privilege Escalation; TA0009 Collection,Suspicious process creation; sensitive privilege abuse; file/share access; policy tampering,Windows 11 / Windows Server 2025,MS-AUDIT
98,GPO-098,90,P1,Detect,CAT16,Advanced Audit: Account Management & Directory Services,Audit User Account Management,Success and Failure,Enforce,Computer Configuration\Windows Settings\Security Settings\Advanced Audit Policy Configuration\System Audit Policies,TA0003 Persistence; TA0004 Privilege Escalation; TA0006 Credential Access,Account creation; group membership abuse; AD persistence; privilege escalation,Windows 11 / Windows Server 2025,MS-AUDIT
99,GPO-099,89.95,P1,Detect,CAT17,"Advanced Audit: Process, Object, Privilege & Policy",Audit Filtering Platform Policy Change,Success and Failure,Enforce,Computer Configuration\Windows Settings\Security Settings\Advanced Audit Policy Configuration\System Audit Policies,TA0002 Execution; TA0005 Stealth; TA0112 Defense Impairment; TA0004 Privilege Escalation; TA0009 Collection,Suspicious process creation; sensitive privilege abuse; file/share access; policy tampering,Windows 11 / Windows Server 2025,MS-AUDIT
100,GPO-100,89.85,P1,Detect,CAT16,Advanced Audit: Account Management & Directory Services,Audit Security Group Management,Success and Failure,Enforce,Computer Configuration\Windows Settings\Security Settings\Advanced Audit Policy Configuration\System Audit Policies,TA0003 Persistence; TA0004 Privilege Escalation; TA0006 Credential Access,Account creation; group membership abuse; AD persistence; privilege escalation,Windows 11 / Windows Server 2025,MS-AUDIT
101,GPO-101,89.8,P1,Detect,CAT17,"Advanced Audit: Process, Object, Privilege & Policy",Audit File Share,Success and Failure,Enforce,Computer Configuration\Windows Settings\Security Settings\Advanced Audit Policy Configuration\System Audit Policies,TA0002 Execution; TA0005 Stealth; TA0112 Defense Impairment; TA0004 Privilege Escalation; TA0009 Collection,Suspicious process creation; sensitive privilege abuse; file/share access; policy tampering,Windows 11 / Windows Server 2025,MS-AUDIT
102,GPO-102,89.7,P1,Detect,CAT16,Advanced Audit: Account Management & Directory Services,Audit Computer Account Management,Success and Failure,Enforce,Computer Configuration\Windows Settings\Security Settings\Advanced Audit Policy Configuration\System Audit Policies,TA0003 Persistence; TA0004 Privilege Escalation; TA0006 Credential Access,Account creation; group membership abuse; AD persistence; privilege escalation,Windows 11 / Windows Server 2025,MS-AUDIT
103,GPO-103,89.65,P1,Detect,CAT17,"Advanced Audit: Process, Object, Privilege & Policy",Audit Detailed File Share,Failure plus targeted Success on sensitive shares,Pilot -> Enforce,Computer Configuration\Windows Settings\Security Settings\Advanced Audit Policy Configuration\System Audit Policies,TA0002 Execution; TA0005 Stealth; TA0112 Defense Impairment; TA0004 Privilege Escalation; TA0009 Collection,Suspicious process creation; sensitive privilege abuse; file/share access; policy tampering,Windows 11 / Windows Server 2025,MS-AUDIT
104,GPO-104,89.55,P1,Detect,CAT16,Advanced Audit: Account Management & Directory Services,Audit Distribution Group Management,Success and Failure where used,Enforce,Computer Configuration\Windows Settings\Security Settings\Advanced Audit Policy Configuration\System Audit Policies,TA0003 Persistence; TA0004 Privilege Escalation; TA0006 Credential Access,Account creation; group membership abuse; AD persistence; privilege escalation,Windows 11 / Windows Server 2025,MS-AUDIT
105,GPO-105,89.4,P1,Detect,CAT16,Advanced Audit: Account Management & Directory Services,Audit Application Group Management,Success and Failure where applicable,Enforce,Computer Configuration\Windows Settings\Security Settings\Advanced Audit Policy Configuration\System Audit Policies,TA0003 Persistence; TA0004 Privilege Escalation; TA0006 Credential Access,Account creation; group membership abuse; AD persistence; privilege escalation,Windows 11 / Windows Server 2025,MS-AUDIT
106,GPO-106,89.25,P1,Detect,CAT16,Advanced Audit: Account Management & Directory Services,Audit Other Account Management Events,Success and Failure,Enforce,Computer Configuration\Windows Settings\Security Settings\Advanced Audit Policy Configuration\System Audit Policies,TA0003 Persistence; TA0004 Privilege Escalation; TA0006 Credential Access,Account creation; group membership abuse; AD persistence; privilege escalation,Windows 11 / Windows Server 2025,MS-AUDIT
107,GPO-107,89.1,P1,Detect,CAT16,Advanced Audit: Account Management & Directory Services,Audit Directory Service Changes,Success and Failure on domain controllers,Enforce,Computer Configuration\Windows Settings\Security Settings\Advanced Audit Policy Configuration\System Audit Policies,TA0003 Persistence; TA0004 Privilege Escalation; TA0006 Credential Access,Account creation; group membership abuse; AD persistence; privilege escalation,Windows 11 / Windows Server 2025,MS-AUDIT
108,GPO-108,89,P1,Prevent,CAT10,"Exploit Protection, SmartScreen & Controlled Folder Access",Enable Controlled folder access,"Audit first, then Block",Audit -> Enforce,Computer Configuration\Administrative Templates\Windows Components\Microsoft Defender Exploit Guard / File Explorer,TA0002 Execution; TA0005 Stealth; TA0112 Defense Impairment; TA0040 Impact,Exploit chains; ransomware; untrusted binaries; malicious web downloads,Windows 11 / Windows Server 2025,MS-SCT
109,GPO-109,88.95,P2,Detect,CAT16,Advanced Audit: Account Management & Directory Services,Audit Directory Service Access,Success and Failure on domain controllers where SACLs are designed,Pilot -> Enforce,Computer Configuration\Windows Settings\Security Settings\Advanced Audit Policy Configuration\System Audit Policies,TA0003 Persistence; TA0004 Privilege Escalation; TA0006 Credential Access,Account creation; group membership abuse; AD persistence; privilege escalation,Windows 11 / Windows Server 2025,MS-AUDIT
110,GPO-110,88.85,P2,Prevent,CAT10,"Exploit Protection, SmartScreen & Controlled Folder Access",Controlled folder access: Configure protected folders,Add business-critical data locations,Pilot -> Enforce,Computer Configuration\Administrative Templates\Windows Components\Microsoft Defender Exploit Guard / File Explorer,TA0002 Execution; TA0005 Stealth; TA0112 Defense Impairment; TA0040 Impact,Exploit chains; ransomware; untrusted binaries; malicious web downloads,Windows 11 / Windows Server 2025,MS-SCT
111,GPO-111,88.8,P2,Detect,CAT16,Advanced Audit: Account Management & Directory Services,Audit Detailed Directory Service Replication,Failure and targeted Success on domain controllers,Pilot,Computer Configuration\Windows Settings\Security Settings\Advanced Audit Policy Configuration\System Audit Policies,TA0003 Persistence; TA0004 Privilege Escalation; TA0006 Credential Access,Account creation; group membership abuse; AD persistence; privilege escalation,Windows 11 / Windows Server 2025,MS-AUDIT
112,GPO-112,88.7,P2,Contain,CAT10,"Exploit Protection, SmartScreen & Controlled Folder Access",Controlled folder access: Configure allowed applications,Keep minimal and evidence-based,Exception-only,Computer Configuration\Administrative Templates\Windows Components\Microsoft Defender Exploit Guard / File Explorer,TA0002 Execution; TA0005 Stealth; TA0112 Defense Impairment; TA0040 Impact,Exploit chains; ransomware; untrusted binaries; malicious web downloads,Windows 11 / Windows Server 2025,MS-SCT
113,GPO-113,88.65,P2,Detect,CAT16,Advanced Audit: Account Management & Directory Services,Audit Directory Service Replication,Success and Failure on domain controllers,Enforce,Computer Configuration\Windows Settings\Security Settings\Advanced Audit Policy Configuration\System Audit Policies,TA0003 Persistence; TA0004 Privilege Escalation; TA0006 Credential Access,Account creation; group membership abuse; AD persistence; privilege escalation,Windows 11 / Windows Server 2025,MS-AUDIT
114,GPO-114,88.55,P2,Prevent,CAT10,"Exploit Protection, SmartScreen & Controlled Folder Access",Network Protection,Block dangerous websites and network content,Audit -> Enforce,Computer Configuration\Administrative Templates\Windows Components\Microsoft Defender Exploit Guard / File Explorer,TA0002 Execution; TA0005 Stealth; TA0112 Defense Impairment; TA0040 Impact,Exploit chains; ransomware; untrusted binaries; malicious web downloads,Windows 11 / Windows Server 2025,MS-SCT
115,GPO-115,88.4,P2,Prevent,CAT10,"Exploit Protection, SmartScreen & Controlled Folder Access",Configure Windows Defender SmartScreen for Explorer,Enabled; warn and prevent bypass where supported,Enforce,Computer Configuration\Administrative Templates\Windows Components\Microsoft Defender Exploit Guard / File Explorer,TA0002 Execution; TA0005 Stealth; TA0112 Defense Impairment; TA0040 Impact,Exploit chains; ransomware; untrusted binaries; malicious web downloads,Windows 11 / Windows Server 2025,MS-SCT
116,GPO-116,88.25,P2,Prevent,CAT10,"Exploit Protection, SmartScreen & Controlled Folder Access",Do not apply the Mark of the Web tag to files copied from insecure sources,Disabled so MotW is preserved,Enforce,Computer Configuration\Administrative Templates\Windows Components\Microsoft Defender Exploit Guard / File Explorer,TA0002 Execution; TA0005 Stealth; TA0112 Defense Impairment; TA0040 Impact,Exploit chains; ransomware; untrusted binaries; malicious web downloads,Windows 11 / Windows Server 2025,MS-SCT
117,GPO-117,88.1,P2,Prevent,CAT10,"Exploit Protection, SmartScreen & Controlled Folder Access",Exploit Protection: Use a common set of exploit protection settings,Deploy an organization-tested XML policy,Pilot -> Enforce,Computer Configuration\Administrative Templates\Windows Components\Microsoft Defender Exploit Guard / File Explorer,TA0002 Execution; TA0005 Stealth; TA0112 Defense Impairment; TA0040 Impact,Exploit chains; ransomware; untrusted binaries; malicious web downloads,Windows 11 / Windows Server 2025,MS-SCT
118,GPO-118,88,P2,Prevent,CAT11,"Application Control, WDAC & AppLocker",AppLocker executable rules,Audit first; enforce allow-list on managed tiers,Audit -> Enforce,Computer Configuration\Windows Settings\Security Settings\Application Control Policies / Administrative Templates\System,TA0002 Execution; TA0003 Persistence; TA0005 Stealth; TA0112 Defense Impairment,Unapproved software; script execution; LOLBins; rogue binary persistence,Windows 11 / Windows Server 2025,MS-APPCONTROL
119,GPO-119,87.95,P2,Prevent,CAT10,"Exploit Protection, SmartScreen & Controlled Folder Access",Turn off Data Execution Prevention for Explorer,Disabled,Enforce,Computer Configuration\Administrative Templates\Windows Components\Microsoft Defender Exploit Guard / File Explorer,TA0002 Execution; TA0005 Stealth; TA0112 Defense Impairment; TA0040 Impact,Exploit chains; ransomware; untrusted binaries; malicious web downloads,Windows 11 / Windows Server 2025,MS-SCT
120,GPO-120,87.85,P2,Prevent,CAT11,"Application Control, WDAC & AppLocker",AppLocker Windows Installer rules,Audit first; enforce approved publishers and paths,Audit -> Enforce,Computer Configuration\Windows Settings\Security Settings\Application Control Policies / Administrative Templates\System,TA0002 Execution; TA0003 Persistence; TA0005 Stealth; TA0112 Defense Impairment,Unapproved software; script execution; LOLBins; rogue binary persistence,Windows 11 / Windows Server 2025,MS-APPCONTROL
121,GPO-121,87.8,P2,Prevent,CAT10,"Exploit Protection, SmartScreen & Controlled Folder Access",Turn off heap termination on corruption,Disabled,Enforce,Computer Configuration\Administrative Templates\Windows Components\Microsoft Defender Exploit Guard / File Explorer,TA0002 Execution; TA0005 Stealth; TA0112 Defense Impairment; TA0040 Impact,Exploit chains; ransomware; untrusted binaries; malicious web downloads,Windows 11 / Windows Server 2025,MS-SCT
122,GPO-122,87.7,P2,Prevent,CAT11,"Application Control, WDAC & AppLocker",AppLocker script rules,Audit first; enforce approved scripts and publishers,Audit -> Enforce,Computer Configuration\Windows Settings\Security Settings\Application Control Policies / Administrative Templates\System,TA0002 Execution; TA0003 Persistence; TA0005 Stealth; TA0112 Defense Impairment,Unapproved software; script execution; LOLBins; rogue binary persistence,Windows 11 / Windows Server 2025,MS-APPCONTROL
123,GPO-123,87.65,P2,Prevent,CAT10,"Exploit Protection, SmartScreen & Controlled Folder Access",Turn off Windows Defender Exploit Protection,Disabled,Enforce,Computer Configuration\Administrative Templates\Windows Components\Microsoft Defender Exploit Guard / File Explorer,TA0002 Execution; TA0005 Stealth; TA0112 Defense Impairment; TA0040 Impact,Exploit chains; ransomware; untrusted binaries; malicious web downloads,Windows 11 / Windows Server 2025,MS-SCT
124,GPO-124,87.55,P2,Prevent,CAT11,"Application Control, WDAC & AppLocker",AppLocker DLL rules,Audit initially; enforce only on hardened tiers,Audit -> Enforce,Computer Configuration\Windows Settings\Security Settings\Application Control Policies / Administrative Templates\System,TA0002 Execution; TA0003 Persistence; TA0005 Stealth; TA0112 Defense Impairment,Unapproved software; script execution; LOLBins; rogue binary persistence,Windows 11 / Windows Server 2025,MS-APPCONTROL
125,GPO-125,87.4,P2,Prevent,CAT11,"Application Control, WDAC & AppLocker",AppLocker packaged app rules,Audit first; enforce enterprise allow-list,Audit -> Enforce,Computer Configuration\Windows Settings\Security Settings\Application Control Policies / Administrative Templates\System,TA0002 Execution; TA0003 Persistence; TA0005 Stealth; TA0112 Defense Impairment,Unapproved software; script execution; LOLBins; rogue binary persistence,Windows 11 / Windows Server 2025,MS-APPCONTROL
126,GPO-126,87.25,P2,Prevent,CAT11,"Application Control, WDAC & AppLocker",Application Identity service startup,Automatic when AppLocker is enforced,Enforce,Computer Configuration\Windows Settings\Security Settings\Application Control Policies / Administrative Templates\System,TA0002 Execution; TA0003 Persistence; TA0005 Stealth; TA0112 Defense Impairment,Unapproved software; script execution; LOLBins; rogue binary persistence,Windows 11 / Windows Server 2025,MS-APPCONTROL
127,GPO-127,87.1,P2,Prevent,CAT11,"Application Control, WDAC & AppLocker",App Control for Business base policy,"Deploy a signed, versioned base policy",Audit -> Enforce,Computer Configuration\Windows Settings\Security Settings\Application Control Policies / Administrative Templates\System,TA0002 Execution; TA0003 Persistence; TA0005 Stealth; TA0112 Defense Impairment,Unapproved software; script execution; LOLBins; rogue binary persistence,Windows 11 / Windows Server 2025,MS-APPCONTROL
128,GPO-128,87,P2,Prevent,CAT01,Account Policies & Authentication,Enforce password history,24 or more remembered passwords,Enforce,Computer Configuration\Windows Settings\Security Settings\Account Policies,TA0006 Credential Access; TA0004 Privilege Escalation,Password spraying; brute force; local/domain credential abuse,Windows 11 / Windows Server 2025,MS-SCT
129,GPO-129,86.95,P2,Contain,CAT11,"Application Control, WDAC & AppLocker",App Control for Business supplemental policies,Use scoped supplemental policies instead of weakening the base,Pilot -> Enforce,Computer Configuration\Windows Settings\Security Settings\Application Control Policies / Administrative Templates\System,TA0002 Execution; TA0003 Persistence; TA0005 Stealth; TA0112 Defense Impairment,Unapproved software; script execution; LOLBins; rogue binary persistence,Windows 11 / Windows Server 2025,MS-APPCONTROL
130,GPO-130,86.85,P2,Prevent,CAT01,Account Policies & Authentication,Minimum password length,14+ characters; align with enterprise identity policy,Enforce,Computer Configuration\Windows Settings\Security Settings\Account Policies,TA0006 Credential Access; TA0004 Privilege Escalation,Password spraying; brute force; local/domain credential abuse,Windows 11 / Windows Server 2025,MS-SCT
131,GPO-131,86.8,P2,Prevent,CAT11,"Application Control, WDAC & AppLocker",Managed Installer trust,Enable only with trusted software distribution infrastructure,Pilot,Computer Configuration\Windows Settings\Security Settings\Application Control Policies / Administrative Templates\System,TA0002 Execution; TA0003 Persistence; TA0005 Stealth; TA0112 Defense Impairment,Unapproved software; script execution; LOLBins; rogue binary persistence,Windows 11 / Windows Server 2025,MS-APPCONTROL
132,GPO-132,86.7,P2,Detect,CAT01,Account Policies & Authentication,Minimum password length audit,Audit passwords shorter than the target length,Audit,Computer Configuration\Windows Settings\Security Settings\Account Policies,TA0006 Credential Access; TA0004 Privilege Escalation,Password spraying; brute force; local/domain credential abuse,Windows 11 / Windows Server 2025,MS-SCT
133,GPO-133,86.65,P2,Prevent,CAT11,"Application Control, WDAC & AppLocker",Microsoft vulnerable driver blocklist,Enabled,Enforce,Computer Configuration\Windows Settings\Security Settings\Application Control Policies / Administrative Templates\System,TA0002 Execution; TA0003 Persistence; TA0005 Stealth; TA0112 Defense Impairment,Unapproved software; script execution; LOLBins; rogue binary persistence,Windows 11 / Windows Server 2025,MS-APPCONTROL
134,GPO-134,86.55,P2,Prevent,CAT01,Account Policies & Authentication,Password must meet complexity requirements,Enabled,Enforce,Computer Configuration\Windows Settings\Security Settings\Account Policies,TA0006 Credential Access; TA0004 Privilege Escalation,Password spraying; brute force; local/domain credential abuse,Windows 11 / Windows Server 2025,MS-SCT
135,GPO-135,86.4,P2,Prevent,CAT01,Account Policies & Authentication,Store passwords using reversible encryption,Disabled,Enforce,Computer Configuration\Windows Settings\Security Settings\Account Policies,TA0006 Credential Access; TA0004 Privilege Escalation,Password spraying; brute force; local/domain credential abuse,Windows 11 / Windows Server 2025,MS-SCT
136,GPO-136,86.25,P2,Contain,CAT01,Account Policies & Authentication,Account lockout threshold,10 invalid attempts or organization-approved lower value,Pilot -> Enforce,Computer Configuration\Windows Settings\Security Settings\Account Policies,TA0006 Credential Access; TA0004 Privilege Escalation,Password spraying; brute force; local/domain credential abuse,Windows 11 / Windows Server 2025,MS-SCT
137,GPO-137,86.1,P2,Contain,CAT01,Account Policies & Authentication,Account lockout duration,15 minutes or organization-defined risk-based value,Pilot -> Enforce,Computer Configuration\Windows Settings\Security Settings\Account Policies,TA0006 Credential Access; TA0004 Privilege Escalation,Password spraying; brute force; local/domain credential abuse,Windows 11 / Windows Server 2025,MS-SCT
138,GPO-138,86,P2,Prevent,CAT02,Local Accounts & UAC,Accounts: Guest account status,Disabled,Enforce,Computer Configuration\Windows Settings\Security Settings\Local Policies\Security Options,TA0004 Privilege Escalation; TA0003 Persistence; TA0005 Stealth; TA0112 Defense Impairment,Local admin abuse; UAC bypass; persistence through local accounts,Windows 11 / Windows Server 2025,MS-SCT
139,GPO-139,85.95,P2,Contain,CAT01,Account Policies & Authentication,Reset account lockout counter after,15 minutes or less,Pilot -> Enforce,Computer Configuration\Windows Settings\Security Settings\Account Policies,TA0006 Credential Access; TA0004 Privilege Escalation,Password spraying; brute force; local/domain credential abuse,Windows 11 / Windows Server 2025,MS-SCT
140,GPO-140,85.85,P2,Prevent,CAT02,Local Accounts & UAC,Accounts: Limit local account use of blank passwords to console logon only,Enabled,Enforce,Computer Configuration\Windows Settings\Security Settings\Local Policies\Security Options,TA0004 Privilege Escalation; TA0003 Persistence; TA0005 Stealth; TA0112 Defense Impairment,Local admin abuse; UAC bypass; persistence through local accounts,Windows 11 / Windows Server 2025,MS-SCT
141,GPO-141,85.8,P2,Contain,CAT01,Account Policies & Authentication,Allow Administrator account lockout,Enabled where supported,Pilot -> Enforce,Computer Configuration\Windows Settings\Security Settings\Account Policies,TA0006 Credential Access; TA0004 Privilege Escalation,Password spraying; brute force; local/domain credential abuse,Windows 11 / Windows Server 2025,MS-SCT
142,GPO-142,85.7,P2,Prevent,CAT02,Local Accounts & UAC,Accounts: Block Microsoft accounts,Evaluate for enterprise-managed endpoints,Pilot,Computer Configuration\Windows Settings\Security Settings\Local Policies\Security Options,TA0004 Privilege Escalation; TA0003 Persistence; TA0005 Stealth; TA0112 Defense Impairment,Local admin abuse; UAC bypass; persistence through local accounts,Windows 11 / Windows Server 2025,MS-SCT
143,GPO-143,85.65,P2,Prevent,CAT01,Account Policies & Authentication,Relax minimum password length limits,Enabled so longer minimums can be enforced,Enforce,Computer Configuration\Windows Settings\Security Settings\Account Policies,TA0006 Credential Access; TA0004 Privilege Escalation,Password spraying; brute force; local/domain credential abuse,Windows 11 / Windows Server 2025,MS-SCT
144,GPO-144,85.55,P2,Prevent,CAT02,Local Accounts & UAC,User Account Control: Run all administrators in Admin Approval Mode,Enabled,Enforce,Computer Configuration\Windows Settings\Security Settings\Local Policies\Security Options,TA0004 Privilege Escalation; TA0003 Persistence; TA0005 Stealth; TA0112 Defense Impairment,Local admin abuse; UAC bypass; persistence through local accounts,Windows 11 / Windows Server 2025,MS-SCT
145,GPO-145,85.4,P2,Prevent,CAT02,Local Accounts & UAC,User Account Control: Switch to the secure desktop when prompting for elevation,Enabled,Enforce,Computer Configuration\Windows Settings\Security Settings\Local Policies\Security Options,TA0004 Privilege Escalation; TA0003 Persistence; TA0005 Stealth; TA0112 Defense Impairment,Local admin abuse; UAC bypass; persistence through local accounts,Windows 11 / Windows Server 2025,MS-SCT
146,GPO-146,85.25,P2,Prevent,CAT02,Local Accounts & UAC,User Account Control: Behavior of the elevation prompt for standard users,Automatically deny or prompt for credentials per support model,Pilot -> Enforce,Computer Configuration\Windows Settings\Security Settings\Local Policies\Security Options,TA0004 Privilege Escalation; TA0003 Persistence; TA0005 Stealth; TA0112 Defense Impairment,Local admin abuse; UAC bypass; persistence through local accounts,Windows 11 / Windows Server 2025,MS-SCT
147,GPO-147,85.1,P2,Prevent,CAT02,Local Accounts & UAC,User Account Control: Behavior of the elevation prompt for administrators,Prompt for consent for non-Windows binaries or stronger,Pilot -> Enforce,Computer Configuration\Windows Settings\Security Settings\Local Policies\Security Options,TA0004 Privilege Escalation; TA0003 Persistence; TA0005 Stealth; TA0112 Defense Impairment,Local admin abuse; UAC bypass; persistence through local accounts,Windows 11 / Windows Server 2025,MS-SCT
148,GPO-148,85,P2,Prevent,CAT13,RDP & Remote Administration,Require user authentication for remote connections by using Network Level Authentication,Enabled,Enforce,Computer Configuration\Administrative Templates\Windows Components\Remote Desktop Services\Remote Desktop Session Host,TA0008 Lateral Movement; TA0006 Credential Access; TA0002 Execution,Remote service abuse; lateral movement; stolen admin sessions; credential theft,Windows 11 / Windows Server 2025,MS-RDP
149,GPO-149,84.95,P2,Detect,CAT02,Local Accounts & UAC,User Account Control: Detect application installations and prompt for elevation,Enabled,Enforce,Computer Configuration\Windows Settings\Security Settings\Local Policies\Security Options,TA0004 Privilege Escalation; TA0003 Persistence; TA0005 Stealth; TA0112 Defense Impairment,Local admin abuse; UAC bypass; persistence through local accounts,Windows 11 / Windows Server 2025,MS-SCT
150,GPO-150,84.85,P2,Prevent,CAT13,RDP & Remote Administration,Set client connection encryption level,High,Enforce,Computer Configuration\Administrative Templates\Windows Components\Remote Desktop Services\Remote Desktop Session Host,TA0008 Lateral Movement; TA0006 Credential Access; TA0002 Execution,Remote service abuse; lateral movement; stolen admin sessions; credential theft,Windows 11 / Windows Server 2025,MS-RDP
151,GPO-151,84.8,P2,Prevent,CAT02,Local Accounts & UAC,User Account Control: Only elevate UIAccess applications installed in secure locations,Enabled,Enforce,Computer Configuration\Windows Settings\Security Settings\Local Policies\Security Options,TA0004 Privilege Escalation; TA0003 Persistence; TA0005 Stealth; TA0112 Defense Impairment,Local admin abuse; UAC bypass; persistence through local accounts,Windows 11 / Windows Server 2025,MS-SCT
152,GPO-152,84.7,P2,Prevent,CAT13,RDP & Remote Administration,Require use of specific security layer for remote RDP connections,SSL/TLS where compatible,Pilot -> Enforce,Computer Configuration\Administrative Templates\Windows Components\Remote Desktop Services\Remote Desktop Session Host,TA0008 Lateral Movement; TA0006 Credential Access; TA0002 Execution,Remote service abuse; lateral movement; stolen admin sessions; credential theft,Windows 11 / Windows Server 2025,MS-RDP
153,GPO-153,84.65,P2,Contain,CAT02,Local Accounts & UAC,User Account Control: Virtualize file and registry write failures to per-user locations,Enabled for compatibility; monitor exceptions,Enforce,Computer Configuration\Windows Settings\Security Settings\Local Policies\Security Options,TA0004 Privilege Escalation; TA0003 Persistence; TA0005 Stealth; TA0112 Defense Impairment,Local admin abuse; UAC bypass; persistence through local accounts,Windows 11 / Windows Server 2025,MS-SCT
154,GPO-154,84.55,P2,Prevent,CAT13,RDP & Remote Administration,Always prompt for password upon connection,Enabled on shared or privileged systems,Pilot -> Enforce,Computer Configuration\Administrative Templates\Windows Components\Remote Desktop Services\Remote Desktop Session Host,TA0008 Lateral Movement; TA0006 Credential Access; TA0002 Execution,Remote service abuse; lateral movement; stolen admin sessions; credential theft,Windows 11 / Windows Server 2025,MS-RDP
155,GPO-155,84.4,P2,Prevent,CAT13,RDP & Remote Administration,Do not allow passwords to be saved,Enabled,Enforce,Computer Configuration\Administrative Templates\Windows Components\Remote Desktop Services\Remote Desktop Session Host,TA0008 Lateral Movement; TA0006 Credential Access; TA0002 Execution,Remote service abuse; lateral movement; stolen admin sessions; credential theft,Windows 11 / Windows Server 2025,MS-RDP
156,GPO-156,84.25,P2,Prevent,CAT13,RDP & Remote Administration,Require secure RPC communication,Enabled,Enforce,Computer Configuration\Administrative Templates\Windows Components\Remote Desktop Services\Remote Desktop Session Host,TA0008 Lateral Movement; TA0006 Credential Access; TA0002 Execution,Remote service abuse; lateral movement; stolen admin sessions; credential theft,Windows 11 / Windows Server 2025,MS-RDP
157,GPO-157,84.1,P2,Contain,CAT13,RDP & Remote Administration,Do not allow drive redirection,Enabled on privileged administration tiers,Pilot -> Enforce,Computer Configuration\Administrative Templates\Windows Components\Remote Desktop Services\Remote Desktop Session Host,TA0008 Lateral Movement; TA0006 Credential Access; TA0002 Execution,Remote service abuse; lateral movement; stolen admin sessions; credential theft,Windows 11 / Windows Server 2025,MS-RDP
158,GPO-158,84,P2,Prevent,CAT14,"BitLocker, Secure Boot & Device Guard",Require additional authentication at startup,TPM-based protection; stronger protectors for privileged devices,Pilot -> Enforce,Computer Configuration\Administrative Templates\Windows Components\BitLocker Drive Encryption / System\Device Guard,TA0006 Credential Access; TA0009 Collection; TA0010 Exfiltration,Lost device compromise; offline credential theft; data theft; boot tampering,Windows 11 / Windows Server 2025,MS-BITLOCKER
159,GPO-159,83.95,P2,Contain,CAT13,RDP & Remote Administration,Do not allow clipboard redirection,Enabled on privileged administration tiers,Pilot -> Enforce,Computer Configuration\Administrative Templates\Windows Components\Remote Desktop Services\Remote Desktop Session Host,TA0008 Lateral Movement; TA0006 Credential Access; TA0002 Execution,Remote service abuse; lateral movement; stolen admin sessions; credential theft,Windows 11 / Windows Server 2025,MS-RDP
160,GPO-160,83.85,P2,Prevent,CAT14,"BitLocker, Secure Boot & Device Guard",Choose drive encryption method and cipher strength,XTS-AES 256 or organization-approved standard,Enforce,Computer Configuration\Administrative Templates\Windows Components\BitLocker Drive Encryption / System\Device Guard,TA0006 Credential Access; TA0009 Collection; TA0010 Exfiltration,Lost device compromise; offline credential theft; data theft; boot tampering,Windows 11 / Windows Server 2025,MS-BITLOCKER
161,GPO-161,83.8,P2,Contain,CAT13,RDP & Remote Administration,Set time limit for active but idle Remote Desktop Services sessions,15 minutes or role-appropriate value,Enforce,Computer Configuration\Administrative Templates\Windows Components\Remote Desktop Services\Remote Desktop Session Host,TA0008 Lateral Movement; TA0006 Credential Access; TA0002 Execution,Remote service abuse; lateral movement; stolen admin sessions; credential theft,Windows 11 / Windows Server 2025,MS-RDP
162,GPO-162,83.7,P2,Prevent,CAT14,"BitLocker, Secure Boot & Device Guard",Enforce drive encryption type on operating system drives,Full encryption for high-risk devices; used-space-only for controlled provisioning,Pilot -> Enforce,Computer Configuration\Administrative Templates\Windows Components\BitLocker Drive Encryption / System\Device Guard,TA0006 Credential Access; TA0009 Collection; TA0010 Exfiltration,Lost device compromise; offline credential theft; data theft; boot tampering,Windows 11 / Windows Server 2025,MS-BITLOCKER
163,GPO-163,83.65,P2,Contain,CAT13,RDP & Remote Administration,Set time limit for disconnected sessions,1 hour or shorter on privileged tiers,Enforce,Computer Configuration\Administrative Templates\Windows Components\Remote Desktop Services\Remote Desktop Session Host,TA0008 Lateral Movement; TA0006 Credential Access; TA0002 Execution,Remote service abuse; lateral movement; stolen admin sessions; credential theft,Windows 11 / Windows Server 2025,MS-RDP
164,GPO-164,83.55,P2,Recover,CAT14,"BitLocker, Secure Boot & Device Guard",Store BitLocker recovery information in AD DS / Entra ID,Enabled and escrow before enforcement,Enforce,Computer Configuration\Administrative Templates\Windows Components\BitLocker Drive Encryption / System\Device Guard,TA0006 Credential Access; TA0009 Collection; TA0010 Exfiltration,Lost device compromise; offline credential theft; data theft; boot tampering,Windows 11 / Windows Server 2025,MS-BITLOCKER
165,GPO-165,83.4,P2,Recover,CAT14,"BitLocker, Secure Boot & Device Guard",Do not enable BitLocker until recovery information is stored,Enabled,Enforce,Computer Configuration\Administrative Templates\Windows Components\BitLocker Drive Encryption / System\Device Guard,TA0006 Credential Access; TA0009 Collection; TA0010 Exfiltration,Lost device compromise; offline credential theft; data theft; boot tampering,Windows 11 / Windows Server 2025,MS-BITLOCKER
166,GPO-166,83.25,P2,Prevent,CAT14,"BitLocker, Secure Boot & Device Guard",Deny write access to fixed drives not protected by BitLocker,Enabled on managed endpoints where compatible,Pilot -> Enforce,Computer Configuration\Administrative Templates\Windows Components\BitLocker Drive Encryption / System\Device Guard,TA0006 Credential Access; TA0009 Collection; TA0010 Exfiltration,Lost device compromise; offline credential theft; data theft; boot tampering,Windows 11 / Windows Server 2025,MS-BITLOCKER
167,GPO-167,83.1,P2,Prevent,CAT14,"BitLocker, Secure Boot & Device Guard",Deny write access to removable drives not protected by BitLocker,Enabled where removable media is permitted,Pilot -> Enforce,Computer Configuration\Administrative Templates\Windows Components\BitLocker Drive Encryption / System\Device Guard,TA0006 Credential Access; TA0009 Collection; TA0010 Exfiltration,Lost device compromise; offline credential theft; data theft; boot tampering,Windows 11 / Windows Server 2025,MS-BITLOCKER
168,GPO-168,83,P2,Detect,CAT18,"Event Logs, WEF & Detection Readiness",Security log maximum size,Size for several days of peak volume; commonly 1 GB+ endpoints and larger servers,Enforce,Computer Configuration\Administrative Templates\Windows Components\Event Log Service / Event Forwarding,TA0005 Stealth; TA0112 Defense Impairment; TA0112 Defense Impairment,Log clearing; insufficient retention; telemetry gaps; anti-forensics,Windows 11 / Windows Server 2025,MS-AUDIT
169,GPO-169,82.95,P3,Prevent,CAT14,"BitLocker, Secure Boot & Device Guard",Configure use of passwords for removable data drives,Require strong protector if removable drives are allowed,Pilot,Computer Configuration\Administrative Templates\Windows Components\BitLocker Drive Encryption / System\Device Guard,TA0006 Credential Access; TA0009 Collection; TA0010 Exfiltration,Lost device compromise; offline credential theft; data theft; boot tampering,Windows 11 / Windows Server 2025,MS-BITLOCKER
170,GPO-170,82.85,P3,Detect,CAT18,"Event Logs, WEF & Detection Readiness",System log maximum size,Increase for troubleshooting and incident retention,Enforce,Computer Configuration\Administrative Templates\Windows Components\Event Log Service / Event Forwarding,TA0005 Stealth; TA0112 Defense Impairment; TA0112 Defense Impairment,Log clearing; insufficient retention; telemetry gaps; anti-forensics,Windows 11 / Windows Server 2025,MS-AUDIT
171,GPO-171,82.8,P3,Prevent,CAT14,"BitLocker, Secure Boot & Device Guard",Enumeration policy for external devices incompatible with Kernel DMA Protection,Block by default on hardened mobile systems,Pilot -> Enforce,Computer Configuration\Administrative Templates\Windows Components\BitLocker Drive Encryption / System\Device Guard,TA0006 Credential Access; TA0009 Collection; TA0010 Exfiltration,Lost device compromise; offline credential theft; data theft; boot tampering,Windows 11 / Windows Server 2025,MS-BITLOCKER
172,GPO-172,82.7,P3,Detect,CAT18,"Event Logs, WEF & Detection Readiness",Application log maximum size,Increase for operational and detection coverage,Enforce,Computer Configuration\Administrative Templates\Windows Components\Event Log Service / Event Forwarding,TA0005 Stealth; TA0112 Defense Impairment; TA0112 Defense Impairment,Log clearing; insufficient retention; telemetry gaps; anti-forensics,Windows 11 / Windows Server 2025,MS-AUDIT
173,GPO-173,82.65,P3,Prevent,CAT14,"BitLocker, Secure Boot & Device Guard",Secure Boot / VBS platform requirements,Require supported Secure Boot and virtualization protections on modern fleets,Pilot -> Enforce,Computer Configuration\Administrative Templates\Windows Components\BitLocker Drive Encryption / System\Device Guard,TA0006 Credential Access; TA0009 Collection; TA0010 Exfiltration,Lost device compromise; offline credential theft; data theft; boot tampering,Windows 11 / Windows Server 2025,MS-BITLOCKER
174,GPO-174,82.55,P3,Recover,CAT18,"Event Logs, WEF & Detection Readiness",Retain old events / backup log automatically when full,Use where mandated; otherwise centralize with WEF/SIEM and monitor capacity,Pilot,Computer Configuration\Administrative Templates\Windows Components\Event Log Service / Event Forwarding,TA0005 Stealth; TA0112 Defense Impairment; TA0112 Defense Impairment,Log clearing; insufficient retention; telemetry gaps; anti-forensics,Windows 11 / Windows Server 2025,MS-AUDIT
175,GPO-175,82.4,P3,Detect,CAT18,"Event Logs, WEF & Detection Readiness",Configure target Subscription Manager,Point endpoints to resilient Windows Event Collectors,Pilot -> Enforce,Computer Configuration\Administrative Templates\Windows Components\Event Log Service / Event Forwarding,TA0005 Stealth; TA0112 Defense Impairment; TA0112 Defense Impairment,Log clearing; insufficient retention; telemetry gaps; anti-forensics,Windows 11 / Windows Server 2025,MS-AUDIT
176,GPO-176,82.25,P3,Detect,CAT18,"Event Logs, WEF & Detection Readiness",Configure forwarder resource usage,Tune heartbeat and delivery for detection latency and scale,Pilot -> Enforce,Computer Configuration\Administrative Templates\Windows Components\Event Log Service / Event Forwarding,TA0005 Stealth; TA0112 Defense Impairment; TA0112 Defense Impairment,Log clearing; insufficient retention; telemetry gaps; anti-forensics,Windows 11 / Windows Server 2025,MS-AUDIT
177,GPO-177,82.1,P3,Detect,CAT18,"Event Logs, WEF & Detection Readiness",Audit: Force audit policy subcategory settings to override audit policy category settings,Enabled,Enforce,Computer Configuration\Administrative Templates\Windows Components\Event Log Service / Event Forwarding,TA0005 Stealth; TA0112 Defense Impairment; TA0112 Defense Impairment,Log clearing; insufficient retention; telemetry gaps; anti-forensics,Windows 11 / Windows Server 2025,MS-AUDIT
178,GPO-178,81.95,P3,Contain,CAT18,"Event Logs, WEF & Detection Readiness",Audit: Shut down system immediately if unable to log security audits,Disabled unless a high-assurance environment explicitly requires fail-closed behavior,Evaluate,Computer Configuration\Administrative Templates\Windows Components\Event Log Service / Event Forwarding,TA0005 Stealth; TA0112 Defense Impairment; TA0112 Defense Impairment,Log clearing; insufficient retention; telemetry gaps; anti-forensics,Windows 11 / Windows Server 2025,MS-AUDIT
179,GPO-179,81.8,P3,Prevent,CAT18,"Event Logs, WEF & Detection Readiness",Prevent local users from changing security-log retention and size policies,Manage through GPO and least privilege,Enforce,Computer Configuration\Administrative Templates\Windows Components\Event Log Service / Event Forwarding,TA0005 Stealth; TA0112 Defense Impairment; TA0112 Defense Impairment,Log clearing; insufficient retention; telemetry gaps; anti-forensics,Windows 11 / Windows Server 2025,MS-AUDIT
180,GPO-180,81.65,P3,Detect,CAT18,"Event Logs, WEF & Detection Readiness",Monitor event-log clearing and audit-policy changes,Collect Security 1102 and related signals centrally,Enforce,Computer Configuration\Administrative Templates\Windows Components\Event Log Service / Event Forwarding,TA0005 Stealth; TA0112 Defense Impairment; TA0112 Defense Impairment,Log clearing; insufficient retention; telemetry gaps; anti-forensics,Windows 11 / Windows Server 2025,MS-AUDIT
181,GPO-181,81,P3,Prevent,CAT19,"Printing, Removable Media & Device Control",Limits print driver installation to Administrators,Enabled,Enforce,Computer Configuration\Administrative Templates\Printers / System\Device Installation / Removable Storage Access,TA0002 Execution; TA0004 Privilege Escalation; TA0009 Collection,Print spooler exploitation; rogue drivers; removable media malware; data theft,Windows 11 / Windows Server 2025,MS-PRINT
182,GPO-182,80.85,P3,Prevent,CAT19,"Printing, Removable Media & Device Control",Point and Print Restrictions,Restrict to approved servers and require elevation for drivers,Pilot -> Enforce,Computer Configuration\Administrative Templates\Printers / System\Device Installation / Removable Storage Access,TA0002 Execution; TA0004 Privilege Escalation; TA0009 Collection,Print spooler exploitation; rogue drivers; removable media malware; data theft,Windows 11 / Windows Server 2025,MS-PRINT
183,GPO-183,80.7,P3,Prevent,CAT19,"Printing, Removable Media & Device Control",Package Point and Print - Approved servers,Define only trusted print servers,Pilot -> Enforce,Computer Configuration\Administrative Templates\Printers / System\Device Installation / Removable Storage Access,TA0002 Execution; TA0004 Privilege Escalation; TA0009 Collection,Print spooler exploitation; rogue drivers; removable media malware; data theft,Windows 11 / Windows Server 2025,MS-PRINT
184,GPO-184,80.55,P3,Prevent,CAT19,"Printing, Removable Media & Device Control",Configure RPC connection settings for printers,RPC over TCP with authentication,Enforce,Computer Configuration\Administrative Templates\Printers / System\Device Installation / Removable Storage Access,TA0002 Execution; TA0004 Privilege Escalation; TA0009 Collection,Print spooler exploitation; rogue drivers; removable media malware; data theft,Windows 11 / Windows Server 2025,MS-PRINT
185,GPO-185,80.4,P3,Prevent,CAT19,"Printing, Removable Media & Device Control",Configure RPC listener settings for printers,Kerberos on compatible member servers,Pilot -> Enforce,Computer Configuration\Administrative Templates\Printers / System\Device Installation / Removable Storage Access,TA0002 Execution; TA0004 Privilege Escalation; TA0009 Collection,Print spooler exploitation; rogue drivers; removable media malware; data theft,Windows 11 / Windows Server 2025,MS-PRINT
186,GPO-186,80.25,P3,Prevent,CAT19,"Printing, Removable Media & Device Control",Allow Print Spooler to accept client connections,Disabled on systems that do not provide print services,Pilot -> Enforce,Computer Configuration\Administrative Templates\Printers / System\Device Installation / Removable Storage Access,TA0002 Execution; TA0004 Privilege Escalation; TA0009 Collection,Print spooler exploitation; rogue drivers; removable media malware; data theft,Windows 11 / Windows Server 2025,MS-PRINT
187,GPO-187,80.1,P3,Prevent,CAT19,"Printing, Removable Media & Device Control",All Removable Storage classes: Deny all access,Enable on hardened/privileged tiers; otherwise use targeted device control,Pilot,Computer Configuration\Administrative Templates\Printers / System\Device Installation / Removable Storage Access,TA0002 Execution; TA0004 Privilege Escalation; TA0009 Collection,Print spooler exploitation; rogue drivers; removable media malware; data theft,Windows 11 / Windows Server 2025,MS-PRINT
188,GPO-188,79.95,P3,Prevent,CAT19,"Printing, Removable Media & Device Control",Prevent installation of devices that match prohibited device IDs,Enabled with centrally maintained deny list where needed,Pilot,Computer Configuration\Administrative Templates\Printers / System\Device Installation / Removable Storage Access,TA0002 Execution; TA0004 Privilege Escalation; TA0009 Collection,Print spooler exploitation; rogue drivers; removable media malware; data theft,Windows 11 / Windows Server 2025,MS-PRINT
189,GPO-189,79.8,P3,Prevent,CAT19,"Printing, Removable Media & Device Control",Apply layered order of evaluation for Allow and Prevent device installation policies,Enabled when using allow/deny device controls,Pilot,Computer Configuration\Administrative Templates\Printers / System\Device Installation / Removable Storage Access,TA0002 Execution; TA0004 Privilege Escalation; TA0009 Collection,Print spooler exploitation; rogue drivers; removable media malware; data theft,Windows 11 / Windows Server 2025,MS-PRINT
190,GPO-190,79.65,P3,Prevent,CAT19,"Printing, Removable Media & Device Control",Kernel DMA Protection for external devices,Require supported protection on mobile or privileged endpoints,Pilot -> Enforce,Computer Configuration\Administrative Templates\Printers / System\Device Installation / Removable Storage Access,TA0002 Execution; TA0004 Privilege Escalation; TA0009 Collection,Print spooler exploitation; rogue drivers; removable media malware; data theft,Windows 11 / Windows Server 2025,MS-PRINT
191,GPO-191,79,P3,Prevent,CAT20,"Updates, Mark-of-the-Web & Legacy Surface Reduction",Specify intranet Microsoft update service location,Use only if WSUS is maintained and patched; otherwise use modern update controls,Evaluate,Computer Configuration\Administrative Templates\Windows Components,TA0001 Initial Access; TA0002 Execution; TA0004 Privilege Escalation; TA0005 Stealth; TA0112 Defense Impairment,Exploitation of known vulnerabilities; malicious downloads; legacy component abuse,Windows 11 / Windows Server 2025,MS-SCT
192,GPO-192,78.85,P3,Prevent,CAT20,"Updates, Mark-of-the-Web & Legacy Surface Reduction",Configure Automatic Updates,Enabled with enterprise servicing policy,Enforce,Computer Configuration\Administrative Templates\Windows Components,TA0001 Initial Access; TA0002 Execution; TA0004 Privilege Escalation; TA0005 Stealth; TA0112 Defense Impairment,Exploitation of known vulnerabilities; malicious downloads; legacy component abuse,Windows 11 / Windows Server 2025,MS-SCT
193,GPO-193,78.7,P3,Contain,CAT20,"Updates, Mark-of-the-Web & Legacy Surface Reduction",Do not connect to any Windows Update Internet locations,Enable only for fully managed WSUS environments,Evaluate,Computer Configuration\Administrative Templates\Windows Components,TA0001 Initial Access; TA0002 Execution; TA0004 Privilege Escalation; TA0005 Stealth; TA0112 Defense Impairment,Exploitation of known vulnerabilities; malicious downloads; legacy component abuse,Windows 11 / Windows Server 2025,MS-SCT
194,GPO-194,78.55,P3,Prevent,CAT20,"Updates, Mark-of-the-Web & Legacy Surface Reduction",Manage preview builds,Disable preview builds on production endpoints unless explicitly enrolled,Enforce,Computer Configuration\Administrative Templates\Windows Components,TA0001 Initial Access; TA0002 Execution; TA0004 Privilege Escalation; TA0005 Stealth; TA0112 Defense Impairment,Exploitation of known vulnerabilities; malicious downloads; legacy component abuse,Windows 11 / Windows Server 2025,MS-SCT
195,GPO-195,78.4,P3,Prevent,CAT20,"Updates, Mark-of-the-Web & Legacy Surface Reduction",Select when Quality Updates are received,Use short risk-based deferral and expedited deployment for actively exploited issues,Enforce,Computer Configuration\Administrative Templates\Windows Components,TA0001 Initial Access; TA0002 Execution; TA0004 Privilege Escalation; TA0005 Stealth; TA0112 Defense Impairment,Exploitation of known vulnerabilities; malicious downloads; legacy component abuse,Windows 11 / Windows Server 2025,MS-SCT
196,GPO-196,78.25,P3,Contain,CAT20,"Updates, Mark-of-the-Web & Legacy Surface Reduction",Remove access to use all Windows Update features,Restrict end-user update deferral controls on centrally managed devices,Pilot -> Enforce,Computer Configuration\Administrative Templates\Windows Components,TA0001 Initial Access; TA0002 Execution; TA0004 Privilege Escalation; TA0005 Stealth; TA0112 Defense Impairment,Exploitation of known vulnerabilities; malicious downloads; legacy component abuse,Windows 11 / Windows Server 2025,MS-SCT
197,GPO-197,78.1,P3,Prevent,CAT20,"Updates, Mark-of-the-Web & Legacy Surface Reduction",Disable Internet Explorer 11 launch via COM automation,Enabled on supported modern systems,Enforce,Computer Configuration\Administrative Templates\Windows Components,TA0001 Initial Access; TA0002 Execution; TA0004 Privilege Escalation; TA0005 Stealth; TA0112 Defense Impairment,Exploitation of known vulnerabilities; malicious downloads; legacy component abuse,Windows 11 / Windows Server 2025,MS-SCT
198,GPO-198,77.95,P3,Prevent,CAT20,"Updates, Mark-of-the-Web & Legacy Surface Reduction",Turn off downloading of print drivers over HTTP,Enabled,Enforce,Computer Configuration\Administrative Templates\Windows Components,TA0001 Initial Access; TA0002 Execution; TA0004 Privilege Escalation; TA0005 Stealth; TA0112 Defense Impairment,Exploitation of known vulnerabilities; malicious downloads; legacy component abuse,Windows 11 / Windows Server 2025,MS-SCT
199,GPO-199,77.8,P3,Prevent,CAT20,"Updates, Mark-of-the-Web & Legacy Surface Reduction",Do not preserve zone information in file attachments,Disabled so zone information / MotW is preserved,Enforce,Computer Configuration\Administrative Templates\Windows Components,TA0001 Initial Access; TA0002 Execution; TA0004 Privilege Escalation; TA0005 Stealth; TA0112 Defense Impairment,Exploitation of known vulnerabilities; malicious downloads; legacy component abuse,Windows 11 / Windows Server 2025,MS-SCT
200,GPO-200,77.65,P3,Prevent,CAT20,"Updates, Mark-of-the-Web & Legacy Surface Reduction",Notify antivirus programs when opening attachments,Enabled,Enforce,Computer Configuration\Administrative Templates\Windows Components,TA0001 Initial Access; TA0002 Execution; TA0004 Privilege Escalation; TA0005 Stealth; TA0112 Defense Impairment,Exploitation of known vulnerabilities; malicious downloads; legacy component abuse,Windows 11 / Windows Server 2025,MS-SCT
